[{"url":"http://hiker.nokia.press/hikerule/rulelist.json?id=6916&auth=1d35e8f0-22e8-5270-a9d1-826f53f177ad","file":"/storage/emulated/0/Android/data/com.example.hikerview/files/Documents/libs/f594b5f0c94f8f8a6b5894ab4a3ed933.js","proxy":"","accessTime":1721366633087},{"url":"http://hiker.nokia.press/hikerule/rulelist.json?id=6966","file":"/storage/emulated/0/Android/data/com.example.hikerview/files/Documents/libs/ca2f926cdf12ab6e104649908a90486a.js","proxy":"","accessTime":1720794676605},{"url":"http://hiker.nokia.press/hikerule/rulelist.json?id=5099","file":"/storage/emulated/0/Android/data/com.example.hikerview/files/Documents/libs/876364b703ba4c7b5776dc9ef7dc7fad.js","proxy":"","accessTime":1721366632902}]